PRAGMA foreign_keys=OFF;
BEGIN TRANSACTION;

delete from product;
delete from category;
delete from string where category_id=4;
delete from string where category_id=5;
delete from string where category_id=6;

CREATE TABLE IF NOT EXISTS string (
    "id" INT,
    "category_id" INT,
    "language_id" INT,
    "text" TEXT
);

INSERT INTO "string" VALUES(1,6,1,'NESTLE VITALITY');
INSERT INTO "string" VALUES(2,6,1,'SUNKIST');
INSERT INTO "string" VALUES(3,6,1,'NESTEA');
INSERT INTO "string" VALUES(4,6,1,'COFFEEMATE');
INSERT INTO "string" VALUES(1,6,2,'NESTLE VITALITY');
INSERT INTO "string" VALUES(2,6,2,'SUNKIST');
INSERT INTO "string" VALUES(3,6,2,'NESTEA');
INSERT INTO "string" VALUES(4,6,2,'COFFEEMATE');
INSERT INTO "string" VALUES(1,4,1,'Lemon Drink');
INSERT INTO "string" VALUES(2,4,1,'Juice');
INSERT INTO "string" VALUES(3,4,1,'Flavored Water');
INSERT INTO "string" VALUES(4,4,1,'Juice Drink');
INSERT INTO "string" VALUES(5,4,1,'Iced Tea');
INSERT INTO "string" VALUES(6,4,1,'Iced Coffee');
INSERT INTO "string" VALUES(7,4,1,'Lemonade');
INSERT INTO "string" VALUES(1,4,2,'Boisson au citron');
INSERT INTO "string" VALUES(2,4,2,'Jus');
INSERT INTO "string" VALUES(3,4,2,'Eau aromatisée');
INSERT INTO "string" VALUES(4,4,2,'Boisson au jus');
INSERT INTO "string" VALUES(5,4,2,'Thé glacé');
INSERT INTO "string" VALUES(6,4,2,'Café glacé');
INSERT INTO "string" VALUES(7,4,2,'Limonade');
INSERT INTO "string" VALUES(10000937,5,1,'Lite Lemonade');
INSERT INTO "string" VALUES(10000676,5,1,'Orange');
INSERT INTO "string" VALUES(12306049,5,1,'Orange');
INSERT INTO "string" VALUES(10000963,5,1,'Cranberry');
INSERT INTO "string" VALUES(12279900,5,1,'Cucumber Mint');
INSERT INTO "string" VALUES(10000691,5,1,'Orange');
INSERT INTO "string" VALUES(12159439,5,1,'Passion Orange Guava');
INSERT INTO "string" VALUES(12279886,5,1,'Strawberry Basil');
INSERT INTO "string" VALUES(10000706,5,1,'Passion Orange Guava');
INSERT INTO "string" VALUES(10000649,5,1,'Apple');
INSERT INTO "string" VALUES(10000707,5,1,'Blueberry Pomegranate Acai');
INSERT INTO "string" VALUES(12306060,5,1,'Citrus Peach');
INSERT INTO "string" VALUES(12306070,5,1,'Cranberry');
INSERT INTO "string" VALUES(10000708,5,1,'Grape Raspberry');
INSERT INTO "string" VALUES(12305400,5,1,'Lemonade');
INSERT INTO "string" VALUES(10000496,5,1,'Tropical Mango');
INSERT INTO "string" VALUES(12278847,5,1,'Orange Mango');
INSERT INTO "string" VALUES(10000650,5,1,'Orange');
INSERT INTO "string" VALUES(12278849,5,1,'Orange Pineapple');
INSERT INTO "string" VALUES(12306059,5,1,'Passion Orange Guava');
INSERT INTO "string" VALUES(12304976,5,1,'Raspberry Lemonade');
INSERT INTO "string" VALUES(10000497,5,1,'Strawberry Kiwi');
INSERT INTO "string" VALUES(10000530,5,1,'Watermelon');
INSERT INTO "string" VALUES(10000805,5,1,'Unsweet Iced Tea');
INSERT INTO "string" VALUES(12249326,5,1,'Raspberry Sweet Iced Tea');
INSERT INTO "string" VALUES(12240789,5,1,'French Vanilla Iced Coffee');
INSERT INTO "string" VALUES(12240788,5,1,'Café Mocha Iced Coffee');
INSERT INTO "string" VALUES(12306048,5,1,'Apple');
INSERT INTO "string" VALUES(12306355,5,1,'Citrus Peach');
INSERT INTO "string" VALUES(12305403,5,1,'Cranberry');
INSERT INTO "string" VALUES(12305406,5,1,'Cranberry');
INSERT INTO "string" VALUES(12305382,5,1,'Grape');
INSERT INTO "string" VALUES(12306357,5,1,'Grape');
INSERT INTO "string" VALUES(12305405,5,1,'Lemonade');
INSERT INTO "string" VALUES(12306356,5,1,'Lemonade');
INSERT INTO "string" VALUES(10000696,5,1,'Orange');
INSERT INTO "string" VALUES(10000677,5,1,'Orange');
INSERT INTO "string" VALUES(10000673,5,1,'Pomegranate Lemonade');
INSERT INTO "string" VALUES(10000678,5,1,'Pineapple');
INSERT INTO "string" VALUES(12306029,5,1,'Passion Orange Guava');
INSERT INTO "string" VALUES(12305378,5,1,'Fruit Punch');
INSERT INTO "string" VALUES(10000692,5,1,'Apple');
INSERT INTO "string" VALUES(10000690,5,1,'Apple');
INSERT INTO "string" VALUES(12305385,5,1,'Cranberry');
INSERT INTO "string" VALUES(12305408,5,1,'Lemonade');
INSERT INTO "string" VALUES(12305384,5,1,'Strawberry Kiwi');
INSERT INTO "string" VALUES(12305402,5,1,'Ruby Red Grapefruit');
INSERT INTO "string" VALUES(10000687,5,1,'Blueberry Pomegranate Acai');
INSERT INTO "string" VALUES(10000686,5,1,'Grape Raspberry');
INSERT INTO "string" VALUES(10000700,5,1,'Lemon Lime');
INSERT INTO "string" VALUES(10000702,5,1,'Tropical Mango');
INSERT INTO "string" VALUES(10000940,5,1,'Orange');
INSERT INTO "string" VALUES(10000946,5,1,'Pomegranate Lemonade');
INSERT INTO "string" VALUES(12305392,5,1,'Pink Lemonade');
INSERT INTO "string" VALUES(10000962,5,1,'Citrus Peach');
INSERT INTO "string" VALUES(12305383,5,1,'Raspberry Lemonade');
INSERT INTO "string" VALUES(10000964,5,1,'Orange');
INSERT INTO "string" VALUES(10000701,5,1,'Strawberry Kiwi');
INSERT INTO "string" VALUES(10000703,5,1,'Watermelon');
INSERT INTO "string" VALUES(12305390,5,1,'Cranberry');
INSERT INTO "string" VALUES(12305376,5,1,'Grape');
INSERT INTO "string" VALUES(12305375,5,1,'Grape');
INSERT INTO "string" VALUES(12306058,5,1,'Lemonade');
INSERT INTO "string" VALUES(10000556,5,1,'Lemon Lime');
INSERT INTO "string" VALUES(10000557,5,1,'Tropical Mango');
INSERT INTO "string" VALUES(10000957,5,1,'Orange');
INSERT INTO "string" VALUES(10000651,5,1,'Orange');
INSERT INTO "string" VALUES(10000652,5,1,'Orange');
INSERT INTO "string" VALUES(10000664,5,1,'Pineapple');
INSERT INTO "string" VALUES(12305349,5,1,'Pink Lemonade');
INSERT INTO "string" VALUES(12305348,5,1,'Fruit Punch');
INSERT INTO "string" VALUES(12305377,5,1,'Strawberry Kiwi');
INSERT INTO "string" VALUES(10000558,5,1,'Strawberry Kiwi');
INSERT INTO "string" VALUES(10000559,5,1,'Watermelon');
INSERT INTO "string" VALUES(10000495,5,1,'Lemon Lime');
INSERT INTO "string" VALUES(10000804,5,1,'Sweet Iced Tea');
INSERT INTO "string" VALUES(10000937,5,2,'Limonade légère');
INSERT INTO "string" VALUES(10000676,5,2,'Orange ');
INSERT INTO "string" VALUES(12306049,5,2,'Orange ');
INSERT INTO "string" VALUES(10000963,5,2,'Canneberge ');
INSERT INTO "string" VALUES(12279900,5,2,'Concombre-menthe ');
INSERT INTO "string" VALUES(10000691,5,2,'Orange');
INSERT INTO "string" VALUES(12159439,5,2,'Fruit de la passion, orange et goyave  ');
INSERT INTO "string" VALUES(12279886,5,2,'Fraise-basilic ');
INSERT INTO "string" VALUES(10000706,5,2,'Fruit de la passion, orange et goyave');
INSERT INTO "string" VALUES(10000649,5,2,'Pomme');
INSERT INTO "string" VALUES(10000707,5,2,'Bleuet, grenade et açai');
INSERT INTO "string" VALUES(12306060,5,2,'Agrumes et pêche ');
INSERT INTO "string" VALUES(12306070,5,2,'Canneberge ');
INSERT INTO "string" VALUES(10000708,5,2,'Raisin-framboise');
INSERT INTO "string" VALUES(12305400,5,2,'Limonade');
INSERT INTO "string" VALUES(10000496,5,2,'Mangue tropicale');
INSERT INTO "string" VALUES(12278847,5,2,'Orange-mangue');
INSERT INTO "string" VALUES(10000650,5,2,'Orange');
INSERT INTO "string" VALUES(12278849,5,2,'Orange-ananas');
INSERT INTO "string" VALUES(12306059,5,2,'Fruit de la passion, orange et goyave ');
INSERT INTO "string" VALUES(12304976,5,2,'Limonade à la framboise');
INSERT INTO "string" VALUES(10000497,5,2,'Fraise-kiwi');
INSERT INTO "string" VALUES(10000530,5,2,'Melon d''eau');
INSERT INTO "string" VALUES(10000805,5,2,'Thé glacé non sucré');
INSERT INTO "string" VALUES(12249326,5,2,'Thé glacé sucré à la framboise ');
INSERT INTO "string" VALUES(12240789,5,2,'Café glacé à la vanille française');
INSERT INTO "string" VALUES(12240788,5,2,'Café moka glacé ');
INSERT INTO "string" VALUES(12306048,5,2,'Pomme');
INSERT INTO "string" VALUES(12306355,5,2,'Agrumes et pêche ');
INSERT INTO "string" VALUES(12305403,5,2,'Canneberge ');
INSERT INTO "string" VALUES(12305406,5,2,'Canneberge');
INSERT INTO "string" VALUES(12305382,5,2,'Raisin');
INSERT INTO "string" VALUES(12306357,5,2,'Raisin');
INSERT INTO "string" VALUES(12305405,5,2,'Limonade');
INSERT INTO "string" VALUES(12306356,5,2,'Limonade');
INSERT INTO "string" VALUES(10000696,5,2,'Orange ');
INSERT INTO "string" VALUES(10000677,5,2,'Orange');
INSERT INTO "string" VALUES(10000673,5,2,'Limonade à la grenade');
INSERT INTO "string" VALUES(10000678,5,2,'Ananas');
INSERT INTO "string" VALUES(12306029,5,2,'Fruit de la passion, orange et goyave ');
INSERT INTO "string" VALUES(12305378,5,2,'Punch aux fruits ');
INSERT INTO "string" VALUES(10000692,5,2,'Pomme ');
INSERT INTO "string" VALUES(10000690,5,2,'Pomme ');
INSERT INTO "string" VALUES(12305385,5,2,'Canneberge ');
INSERT INTO "string" VALUES(12305408,5,2,'Limonade');
INSERT INTO "string" VALUES(12305384,5,2,'Fraise-kiwi ');
INSERT INTO "string" VALUES(12305402,5,2,'Pamplemousse rose ');
INSERT INTO "string" VALUES(10000687,5,2,'Bleuet, grenade et açai');
INSERT INTO "string" VALUES(10000686,5,2,'Raisin-framboise');
INSERT INTO "string" VALUES(10000700,5,2,'Citron-lime');
INSERT INTO "string" VALUES(10000702,5,2,'Mangue tropicale');
INSERT INTO "string" VALUES(10000940,5,2,'Orange');
INSERT INTO "string" VALUES(10000946,5,2,'Limonade à la grenade');
INSERT INTO "string" VALUES(12305392,5,2,'Limonade rose');
INSERT INTO "string" VALUES(10000962,5,2,'Agrumes et pêche ');
INSERT INTO "string" VALUES(12305383,5,2,'Limonade à la framboise');
INSERT INTO "string" VALUES(10000964,5,2,'Orange');
INSERT INTO "string" VALUES(10000701,5,2,'Fraise-kiwi');
INSERT INTO "string" VALUES(10000703,5,2,'Melon d''eau');
INSERT INTO "string" VALUES(12305390,5,2,'Canneberge ');
INSERT INTO "string" VALUES(12305376,5,2,'Raisin ');
INSERT INTO "string" VALUES(12305375,5,2,'Raisin ');
INSERT INTO "string" VALUES(12306058,5,2,'Limonade');
INSERT INTO "string" VALUES(10000556,5,2,'Citron-lime');
INSERT INTO "string" VALUES(10000557,5,2,'Mangue tropicale');
INSERT INTO "string" VALUES(10000957,5,2,'Orange');
INSERT INTO "string" VALUES(10000651,5,2,'Orange ');
INSERT INTO "string" VALUES(10000652,5,2,'Orange');
INSERT INTO "string" VALUES(10000664,5,2,'Ananas ');
INSERT INTO "string" VALUES(12305349,5,2,'Limonade rose ');
INSERT INTO "string" VALUES(12305348,5,2,'Punch aux fruits ');
INSERT INTO "string" VALUES(12305377,5,2,'Fraise-kiwi ');
INSERT INTO "string" VALUES(10000558,5,2,'Fraise-kiwi');
INSERT INTO "string" VALUES(10000559,5,2,'Melon d''eau');
INSERT INTO "string" VALUES(10000495,5,2,'Citron-lime');
INSERT INTO "string" VALUES(10000804,5,2,'Thé glacé sucré');

CREATE TABLE IF NOT EXISTS `category` (
  `category_id` INT,
  `category_name` INT
);
INSERT INTO "category" VALUES(1,1);
INSERT INTO "category" VALUES(2,2);
INSERT INTO "category" VALUES(3,3);
INSERT INTO "category" VALUES(4,4);
INSERT INTO "category" VALUES(5,5);
INSERT INTO "category" VALUES(6,6);
INSERT INTO "category" VALUES(7,7);

CREATE TABLE IF NOT EXISTS product (
    "product_id" INT NOT NULL,
    "category_id" INT NOT NULL,
    "art_id" INT NOT NULL,
    "product_type" INT NOT NULL,
    "product_name" INT NOT NULL,
    "color" INT NOT NULL,
    "ratio" TEXT NOT NULL,
    "brix" TEXT NOT NULL,
    "speed_fill" REAL NOT NULL DEFAULT (1997.75),
    "speed_pump" REAL NOT NULL DEFAULT (610),
    "steps_start" INTEGER NOT NULL DEFAULT (600),
    "steps_pump" INTEGER NOT NULL DEFAULT (400),
    "dispense_small" INTEGER NOT NULL DEFAULT (2000),
    "dispense_medium" INTEGER NOT NULL DEFAULT (3000),
    "dispense_large" INTEGER NOT NULL DEFAULT (4000),
    "dispense_concentrate" INTEGER NOT NULL DEFAULT (1500),
    "button_setup" INTEGER NOT NULL DEFAULT (0),
    "mode" INTEGER NOT NULL DEFAULT (0),
    "post_rinse_volume" REAL NOT NULL DEFAULT (1),
    "brand" INTEGER NOT NULL DEFAULT (0)
);
INSERT INTO "product" VALUES(10000937,1,10000937,0,10000937,0,'4:1','0.7',1997.75,610.0,600,400,2000,3000,4000,1500,0,0,1.0,1);
INSERT INTO "product" VALUES(10000676,2,10000676,0,10000676,0,'4:1','11.8',1997.75,610.0,600,400,2000,3000,4000,1500,0,0,1.0,1);
INSERT INTO "product" VALUES(12306049,2,12306049,0,12306049,0,'4:1','10.5',1997.75,610.0,600,400,2000,3000,4000,1500,0,0,1.0,1);
INSERT INTO "product" VALUES(10000963,2,10000963,0,10000963,0,'4:1','11.5',1997.75,610.0,600,400,2000,3000,4000,1500,0,0,1.0,1);
INSERT INTO "product" VALUES(12279900,3,12279900,0,12279900,0,'5:1','3.5',1997.75,610.0,600,400,2000,3000,4000,1500,0,0,1.0,1);
INSERT INTO "product" VALUES(10000691,2,10000691,0,10000691,0,'4:1','11.8',1997.75,610.0,600,400,2000,3000,4000,1500,0,0,1.0,1);
INSERT INTO "product" VALUES(12159439,2,12159439,0,12159439,0,'4:1','12.6',1997.75,610.0,600,400,2000,3000,4000,1500,0,0,1.0,1);
INSERT INTO "product" VALUES(12279886,3,12279886,0,12279886,0,'5:1','3.5',1997.75,610.0,600,400,2000,3000,4000,1500,0,0,1.0,1);
INSERT INTO "product" VALUES(10000706,2,10000706,0,10000706,0,'5:1','13',1997.75,610.0,600,400,2000,3000,4000,1500,0,0,1.0,1);
INSERT INTO "product" VALUES(10000649,2,10000649,0,10000649,0,'5:1','11.5',1997.75,610.0,600,400,2000,3000,4000,1500,0,0,1.0,2);
INSERT INTO "product" VALUES(10000707,3,10000707,0,10000707,0,'5:1','0.3',1997.75,610.0,600,400,2000,3000,4000,1500,0,0,1.0,2);
INSERT INTO "product" VALUES(12306060,4,12306060,0,12306060,0,'5:1','11.2',1997.75,610.0,600,400,2000,3000,4000,1500,0,0,1.0,2);
INSERT INTO "product" VALUES(12306070,4,12306070,0,12306070,0,'4:1','10.6',1997.75,610.0,600,400,2000,3000,4000,1500,0,0,1.0,2);
INSERT INTO "product" VALUES(10000708,3,10000708,0,10000708,0,'5:1','0.3',1997.75,610.0,600,400,2000,3000,4000,1500,0,0,1.0,2);
INSERT INTO "product" VALUES(12305400,1,12305400,0,12305400,0,'5:1','8.3',1997.75,610.0,600,400,2000,3000,4000,1500,0,0,1.0,2);
INSERT INTO "product" VALUES(10000496,3,10000496,0,10000496,0,'5:1','0.3',1997.75,610.0,600,400,2000,3000,4000,1500,0,0,1.0,2);
INSERT INTO "product" VALUES(12278847,2,12278847,0,12278847,0,'4:1','11.8',1997.75,610.0,600,400,2000,3000,4000,1500,0,0,1.0,2);
INSERT INTO "product" VALUES(10000650,2,10000650,0,10000650,0,'4:1','11.8',1997.75,610.0,600,400,2000,3000,4000,1500,0,0,1.0,2);
INSERT INTO "product" VALUES(12278849,2,12278849,0,12278849,0,'4:1','11.8',1997.75,610.0,600,400,2000,3000,4000,1500,0,0,1.0,2);
INSERT INTO "product" VALUES(12306059,2,12306059,0,12306059,0,'5:1','10.6',1997.75,610.0,600,400,2000,3000,4000,1500,0,0,1.0,2);
INSERT INTO "product" VALUES(12304976,1,12304976,0,12304976,0,'5:1','8.6',1997.75,610.0,600,400,2000,3000,4000,1500,0,0,1.0,2);
INSERT INTO "product" VALUES(10000497,3,10000497,0,10000497,0,'5:1','0.3',1997.75,610.0,600,400,2000,3000,4000,1500,0,0,1.0,2);
INSERT INTO "product" VALUES(10000530,3,10000530,0,10000530,0,'5:1','0.3',1997.75,610.0,600,400,2000,3000,4000,1500,0,0,1.0,2);
INSERT INTO "product" VALUES(10000805,5,10000805,0,10000805,0,'11:1','0.15',1997.75,610.0,600,400,2000,3000,4000,1500,0,0,1.0,3);
INSERT INTO "product" VALUES(12249326,5,12249326,0,12249326,0,'11:1','5.3',1997.75,610.0,600,400,2000,3000,4000,1500,0,0,1.0,3);
INSERT INTO "product" VALUES(12240789,6,12240789,2,12240789,0,'4:1','15.3',1997.75,610.0,600,400,2000,3000,4000,1500,0,0,1.0,4);
INSERT INTO "product" VALUES(12240788,6,12240788,2,12240788,0,'4:1','15.3',1997.75,610.0,600,400,2000,3000,4000,1500,0,0,1.0,4);
INSERT INTO "product" VALUES(12306048,4,12306048,0,12306048,0,'5:1','11.5',1997.75,610.0,600,400,2000,3000,4000,1500,0,0,1.0,1);
INSERT INTO "product" VALUES(12306355,4,12306355,0,12306355,0,'5:1','11.2',1997.75,610.0,600,400,2000,3000,4000,1500,0,0,1.0,1);
INSERT INTO "product" VALUES(12305403,4,12305403,0,12305403,0,'4:1','9.9',1997.75,610.0,600,400,2000,3000,4000,1500,0,0,1.0,1);
INSERT INTO "product" VALUES(12305406,4,12305406,0,12305406,0,'4:1','10.2',1997.75,610.0,600,400,2000,3000,4000,1500,0,0,1.0,1);
INSERT INTO "product" VALUES(12305382,4,12305382,0,12305382,0,'5:1','8.1',1997.75,610.0,600,400,2000,3000,4000,1500,0,0,1.0,1);
INSERT INTO "product" VALUES(12306357,4,12306357,0,12306357,0,'5:1','11.1',1997.75,610.0,600,400,2000,3000,4000,1500,0,0,1.0,1);
INSERT INTO "product" VALUES(12305405,1,12305405,0,12305405,0,'5:1','8.3',1997.75,610.0,600,400,2000,3000,4000,1500,0,0,1.0,1);
INSERT INTO "product" VALUES(12306356,7,12306356,0,12306356,0,'5:1','8.5',1997.75,610.0,600,400,2000,3000,4000,1500,0,0,1.0,1);
INSERT INTO "product" VALUES(10000696,2,10000696,0,10000696,0,'4:1','11.9',1997.75,610.0,600,400,2000,3000,4000,1500,0,0,1.0,1);
INSERT INTO "product" VALUES(10000677,2,10000677,0,10000677,0,'4:1','11.8',1997.75,610.0,600,400,2000,3000,4000,1500,0,0,1.0,1);
INSERT INTO "product" VALUES(10000673,1,10000673,0,10000673,0,'5:1','8.6',1997.75,610.0,600,400,2000,3000,4000,1500,0,0,1.0,2);
INSERT INTO "product" VALUES(10000678,2,10000678,0,10000678,0,'3:1','12.8',1997.75,610.0,600,400,2000,3000,4000,1500,0,0,1.0,1);
INSERT INTO "product" VALUES(12306029,4,12306029,0,12306029,0,'5:1','10.6',1997.75,610.0,600,400,2000,3000,4000,1500,0,0,1.0,1);
INSERT INTO "product" VALUES(12305378,4,12305378,0,12305378,0,'5:1','9.8',1997.75,610.0,600,400,2000,3000,4000,1500,0,0,1.0,1);
INSERT INTO "product" VALUES(10000692,2,10000692,0,10000692,0,'5:1','11.5',1997.75,610.0,600,400,2000,3000,4000,1500,0,0,1.0,1);
INSERT INTO "product" VALUES(10000690,2,10000690,0,10000690,0,'5:1','11.5',1997.75,610.0,600,400,2000,3000,4000,1500,0,0,1.0,1);
INSERT INTO "product" VALUES(12305385,4,12305385,0,12305385,0,'4:1','10.6',1997.75,610.0,600,400,2000,3000,4000,1500,0,0,1.0,1);
INSERT INTO "product" VALUES(12305408,7,12305408,0,12305408,0,'5:1','8.3',1997.75,610.0,600,400,2000,3000,4000,1500,0,0,1.0,1);
INSERT INTO "product" VALUES(12305384,4,12305384,0,12305384,0,'4:1','6.9',1997.75,610.0,600,400,2000,3000,4000,1500,0,0,1.0,1);
INSERT INTO "product" VALUES(12305402,4,12305402,0,12305402,0,'4:1','9.2',1997.75,610.0,600,400,2000,3000,4000,1500,0,0,1.0,1);
INSERT INTO "product" VALUES(10000687,3,10000687,0,10000687,0,'5:1','0.3',1997.75,610.0,600,400,2000,3000,4000,1500,0,0,1.0,1);
INSERT INTO "product" VALUES(10000686,3,10000686,0,10000686,0,'5:1','0.3',1997.75,610.0,600,400,2000,3000,4000,1500,0,0,1.0,1);
INSERT INTO "product" VALUES(10000700,3,10000700,0,10000700,0,'5:1','0.3',1997.75,610.0,600,400,2000,3000,4000,1500,0,0,1.0,1);
INSERT INTO "product" VALUES(10000702,3,10000702,0,10000702,0,'5:1','0.3',1997.75,610.0,600,400,2000,3000,4000,1500,0,0,1.0,1);
INSERT INTO "product" VALUES(10000940,2,10000940,0,10000940,0,'4:1','12.2',1997.75,610.0,600,400,2000,3000,4000,1500,0,0,1.0,1);
INSERT INTO "product" VALUES(10000946,2,10000946,0,10000946,0,'5:1','8.6',1997.75,610.0,600,400,2000,3000,4000,1500,0,0,1.0,1);
INSERT INTO "product" VALUES(12305392,7,12305392,0,12305392,0,'5:1','8.6',1997.75,610.0,600,400,2000,3000,4000,1500,0,0,1.0,1);
INSERT INTO "product" VALUES(10000962,4,10000962,0,10000962,0,'','',1997.75,610.0,600,400,2000,3000,4000,1500,0,0,1.0,1);
INSERT INTO "product" VALUES(12305383,7,12305383,0,12305383,0,'5:1','8.4',1997.75,610.0,600,400,2000,3000,4000,1500,0,0,1.0,1);
INSERT INTO "product" VALUES(10000964,2,10000964,0,10000964,0,'','',1997.75,610.0,600,400,2000,3000,4000,1500,0,0,1.0,1);
INSERT INTO "product" VALUES(10000701,3,10000701,0,10000701,0,'5:1','0.3',1997.75,610.0,600,400,2000,3000,4000,1500,0,0,1.0,1);
INSERT INTO "product" VALUES(10000703,3,10000703,0,10000703,0,'5:1','0.3',1997.75,610.0,600,400,2000,3000,4000,1500,0,0,1.0,1);
INSERT INTO "product" VALUES(12305390,4,12305390,0,12305390,0,'4:1','10.2',1997.75,610.0,600,400,2000,3000,4000,1500,0,0,1.0,2);
INSERT INTO "product" VALUES(12305376,4,12305376,0,12305376,0,'5:1','14.5',1997.75,610.0,600,400,2000,3000,4000,1500,0,0,1.0,2);
INSERT INTO "product" VALUES(12305375,4,12305375,0,12305375,0,'5:1','11.1',1997.75,610.0,600,400,2000,3000,4000,1500,0,0,1.0,2);
INSERT INTO "product" VALUES(12306058,7,12306058,0,12306058,0,'5:1','8.5',1997.75,610.0,600,400,2000,3000,4000,1500,0,0,1.0,2);
INSERT INTO "product" VALUES(10000556,3,10000556,0,10000556,0,'5:1','0.3',1997.75,610.0,600,400,2000,3000,4000,1500,0,0,1.0,2);
INSERT INTO "product" VALUES(10000557,3,10000557,0,10000557,0,'5:1','0.3',1997.75,610.0,600,400,2000,3000,4000,1500,0,0,1.0,2);
INSERT INTO "product" VALUES(10000957,2,10000957,0,10000957,0,'4:1','11.8',1997.75,610.0,600,400,2000,3000,4000,1500,0,0,1.0,2);
INSERT INTO "product" VALUES(10000651,2,10000651,0,10000651,0,'4:1','12.2',1997.75,610.0,600,400,2000,3000,4000,1500,0,0,1.0,2);
INSERT INTO "product" VALUES(10000652,2,10000652,0,10000652,0,'4:1','11.8',1997.75,610.0,600,400,2000,3000,4000,1500,0,0,1.0,2);
INSERT INTO "product" VALUES(10000664,2,10000664,0,10000664,0,'3:1','12.8',1997.75,610.0,600,400,2000,3000,4000,1500,0,0,1.0,2);
INSERT INTO "product" VALUES(12305349,7,12305349,0,12305349,0,'5:1','8.6',1997.75,610.0,600,400,2000,3000,4000,1500,0,0,1.0,2);
INSERT INTO "product" VALUES(12305348,4,12305348,0,12305348,0,'5:1','9.8',1997.75,610.0,600,400,2000,3000,4000,1500,0,0,1.0,2);
INSERT INTO "product" VALUES(12305377,4,12305377,0,12305377,0,'4:1','6.9',1997.75,610.0,600,400,2000,3000,4000,1500,0,0,1.0,2);
INSERT INTO "product" VALUES(10000558,3,10000558,0,10000558,0,'5:1','8.5',1997.75,610.0,600,400,2000,3000,4000,1500,0,0,1.0,2);
INSERT INTO "product" VALUES(10000559,3,10000559,0,10000559,0,'5:1','0.3',1997.75,610.0,600,400,2000,3000,4000,1500,0,0,1.0,2);
INSERT INTO "product" VALUES(10000495,3,10000495,0,10000495,0,'5:1','0.3',1997.75,610.0,600,400,2000,3000,4000,1500,0,0,1.0,2);
INSERT INTO "product" VALUES(10000804,5,10000804,0,10000804,0,'11:1','5.1',1997.75,610.0,600,400,2000,3000,4000,1500,0,0,1.0,3);
DELETE FROM sqlite_sequence;
INSERT INTO "sqlite_sequence" VALUES('brand_names',4);
INSERT INTO "sqlite_sequence" VALUES('category_names',7);
COMMIT;
